{
    "src/addons/SkMxK/HTMLTitles/addon.json": "935797e70fce28ab59725301a0d2a8c5235899066aec3eb08e149dfed58165fb",
    "src/addons/SkMxK/HTMLTitles/Setup.php": "325feabea7fed0e843c8aaf8ec1668869041b21262b4baea8feef799d4d92a68",
    "src/addons/SkMxK/HTMLTitles/XF/Admin/Controller/User.php": "e0b7f7a7cbff4a9f73d425f583e78ca30b38db5cd01ba771dd5f21714059b277",
    "src/addons/SkMxK/HTMLTitles/XF/Entity/User.php": "cf9c821e77dedd536cea826095b534dec4e52cb0f6f848285e82c3b57e120999",
    "src/addons/SkMxK/HTMLTitles/XF/Template/Templater.php": "53c984d0ed8c97a980f8ab3957aee238779042a1199ce45ca1cf75729b37ace7",
    "src/addons/SkMxK/HTMLTitles/_data/admin_navigation.xml": "064ec797484ac00d5ee37367b50b06846d11f480d00550997712707f8fdac8c0",
    "src/addons/SkMxK/HTMLTitles/_data/admin_permission.xml": "ec6fb97cebf0bceb24f1ed1d5778c1db54eeb7535fbb3e31d824840e7aa9ff87",
    "src/addons/SkMxK/HTMLTitles/_data/advertising_positions.xml": "d2f7cbe844bb1df3cf878d22ff6306249245c8ff6b0b87b9b729744bec538261",
    "src/addons/SkMxK/HTMLTitles/_data/api_scopes.xml": "6793eaf758f140e8137187ba20e65f4faccf53410433ae3ad7a8b3b38cb6b3b7",
    "src/addons/SkMxK/HTMLTitles/_data/bb_codes.xml": "faa4ddd5f4a365e5ac39aebdcbe2d25aedf74e7eb9ea4a812766e2fd5e13bdb1",
    "src/addons/SkMxK/HTMLTitles/_data/bb_code_media_sites.xml": "29762987990187b33e43cfb68c08dc917b2d3f0176613d78f8e6c453f82da3f3",
    "src/addons/SkMxK/HTMLTitles/_data/class_extensions.xml": "26670f449d3c70c97f5116d5a1b55e390d77d93ece32a324793aeeba595bb2e8",
    "src/addons/SkMxK/HTMLTitles/_data/code_events.xml": "8370dec3df47f91df4cf79da253446ad11b29f4ea568fe76c774e97a0379f0eb",
    "src/addons/SkMxK/HTMLTitles/_data/code_event_listeners.xml": "d6b5072f4909dee7a20ee9e44b163f95c8aa52e6ac7f573e292000cd9238c331",
    "src/addons/SkMxK/HTMLTitles/_data/content_type_fields.xml": "c7ad5472b28f465b7ac7617627707eba1b7a39d28089460d52e1ed292fc0b06a",
    "src/addons/SkMxK/HTMLTitles/_data/cron.xml": "323c4284742ef24329cd6db6f288eb9736d2353f36852e1db12591e1583aea26",
    "src/addons/SkMxK/HTMLTitles/_data/help_pages.xml": "a8a0c0b06cdc550438bc8a8d385af3e1e5ab3459877dfb934c1c31be59c89163",
    "src/addons/SkMxK/HTMLTitles/_data/member_stats.xml": "89fb2b93ff1eca7a1f6f752248edf6090dfd24037db1446fd18ff7143f08124d",
    "src/addons/SkMxK/HTMLTitles/_data/navigation.xml": "f75e1c03a45a360bbdfcd0567121665082315068475d5b0feb8b1acbb1688651",
    "src/addons/SkMxK/HTMLTitles/_data/options.xml": "1cea29aa5671733d85c8fc6f7c66128eacbca5643cbb38585eb82002879b51a4",
    "src/addons/SkMxK/HTMLTitles/_data/option_groups.xml": "154d7a89664b243d0bd8227c22e241f934bf7e196c83230ee23d3c0c4fba1333",
    "src/addons/SkMxK/HTMLTitles/_data/permissions.xml": "7e4fc7d5826733d15ea2d8936b9bdd41afcaad810eb38e50da3c8d8eafda1550",
    "src/addons/SkMxK/HTMLTitles/_data/permission_interface_groups.xml": "3177224e96458b829aa7fb24866dda9e0455a4922aee3d669b53f59a1ffdf5d1",
    "src/addons/SkMxK/HTMLTitles/_data/phrases.xml": "5b403ac2c296de4cd829e7a5e880b680b77c38e0085353b9594e5f8171b7e4ee",
    "src/addons/SkMxK/HTMLTitles/_data/routes.xml": "550fa64f9feedf137dd877b38c2684f94474619d2d83890dbb717a91b50da8f5",
    "src/addons/SkMxK/HTMLTitles/_data/style_properties.xml": "8b8690a8512f01f219dd2da76e3d0c5f62afc1f317b87794a7331c859c36a7a8",
    "src/addons/SkMxK/HTMLTitles/_data/style_property_groups.xml": "68e1879cb3846c42d978487aa8d5145ff3335fc39e58016878824d5cf3fd684c",
    "src/addons/SkMxK/HTMLTitles/_data/templates.xml": "95d4b078b90e74e773cef6695ef94c742e74b8d62e6798738f11f0215a58faee",
    "src/addons/SkMxK/HTMLTitles/_data/template_modifications.xml": "a6fb53058d31e6bb8a8c147f92f837fbec1e8f36fdec5e619a7b6d38d7d68350",
    "src/addons/SkMxK/HTMLTitles/_data/widget_definitions.xml": "37e46965256430f24004c2e7f08ba08f9b0d1cbcc4d70e84b3f4e3ffb713e64b",
    "src/addons/SkMxK/HTMLTitles/_data/widget_positions.xml": "a29cee66134f6bc5d75ed9df1eef21096c24401915c5b5c774389c3d7bb2d5b3"
}